iteration,mean,max,std,dist_mean,dist_min
0,-0.39151745924769604,-0.39151745924769604,0,0,0
1,-1.079532322636517,-0.9169626516106281,0.33453812144778283,0.9057745252809729,0.8767435229827951
