iteration,mean,max,std,dist_mean,dist_min
0,-0.4785402263587907,-0.4785402263587907,0,0,0
1,-1.0117659580299603,-0.9133439954087754,0.31164030559494893,0.8983382067021841,0.8690806138786789
2,-1.0018268148057674,-0.9033637462121503,0.3167284629302088,0.8022875928126064,0.8004196443448534
3,-1.1583132684773,-1.1222115288044656,0.336603399999688,0.7630902980985539,0.7552394588402022
