iteration,mean,max,std,dist_mean,dist_min
0,-0.9731632712862067,-0.9731632712862067,0,0,0
1,-1.259608214502867,-1.1366398343489559,0.4476307332748569,0.8934352908465882,0.8846403438796686
2,-1.1227066707201447,-1.057138027116179,0.39073537260301083,0.7992815273475263,0.7959685700966681
3,-1.114735122821591,-0.9367935332290954,0.3840355792037814,0.7678352108412606,0.7547892759469025
