iteration,mean,max,std,dist_mean,dist_min
0,-0.4462378897788647,-0.4462378897788647,0,0,0
1,-1.1173066544069021,-1.0478997251181161,0.3599690949295125,0.8998251927529166,0.8742444138252534
